source_sequence_name,offset,peptide,allele,score,affinity,percentile_rank,prediction_method_name,length
,0,HRESSSLVS,HLA-A*02:01,0.04464712813496574,30844.269454405578,49.96275000000001,mhcflurry,9
,0,ESSSLVSDG,HLA-A*02:01,0.04937092363834383,29307.415067013528,36.933125,mhcflurry,9
,0,SLVSDGWAC,HLA-A*02:01,0.36752529144287105,937.5181494637234,1.700124999999999,mhcflurry,9
